{
    "now": "2024-03-06T22:52:58.199Z",
    "perfNow": 106184611.20000005,
    "diagnosticCorrelation": "741666b4-2d44-4f6b-9333-4515c05463dc",
    "source": "DownloadSupportFiles",
    "environment": {
        "productName": "adf",
        "buildVersion": "1.0.021624.1",
        "environmentType": 3,
        "resourceName": "pratiknewdatafactory1",
        "resourceRegion": "eastus",
        "resourceGroup": "Group1",
        "subscriptionId": "fc3c97ea-78c9-4c33-b25e-d33ca449074e",
        "sessionId": "1ILNjnpZSnBb8VMxNJgIKo",
        "operationId": "",
        "gitType": "live",
        "loggingKey": "b890cf92-822a-4e5f-86e4-7940b1f2517b"
    },
    "additionalInfo": {
        "selectedResource": "pipeline3",
        "selectedResourceType": "pipeline"
    }
}